"","Model","K","VI_dist","AR_dist"
"1","DP",33,3.82954765402837,0.0502142226694164
"2","DP1",15,3.92170580299418,0.0749414794281738
"3","PY1",19,3.79902993756503,0.0960479610384716
